ID,Title,Image URL,Description,Pin URL
540080180334105990,,https://i.pinimg.com/originals/6e/22/0d/6e220d2e568147957704845ae22ffc53.jpg, ,http://www.apartmenttherapy.com/smart-diy-kitchen-storage-solutions-233832?utm_source=pinterest&utm_medium=social&utm_campaign=managed&crlt.pid=camp.c3t8qCnHsHOe
490329478198596440,,https://i.pinimg.com/originals/cd/14/ac/cd14ac792fc49e60ee9bf0b3c594e0f8.jpg,50 Best Dollar Store Farmhouse DIY Ideas: Affordable and Easy Projects for a Cozy Home 82,https://quietjoyathome.com/best-dollar-store-farmhouse-diy-ideas/
489273947035881077,Awesome Kitchen Organizer Hacks ideas and tips - Kitchen Remodel Ideas - kitchen ideas,https://i.pinimg.com/originals/ed/3d/69/ed3d6948a32418409e508712e1487b57.jpg,"kitchen organizing, my kitchen tips, best kitchen hacks, kitchen remodeling, kitchen makeover, kitchen cabinets ideas, kitchen island ideas
#storage",https://sites.google.com/view/12-kitchen-renovation-hacks/?=1274661861
432416001733331764,16 DIY Kitchen Updates on a Budget,https://i.pinimg.com/originals/f1/a6/91/f1a691461d234bbaa27681c6965da8ff.jpg, ,https://www.hometalk.com/44344710/s-16-tricks-that-ll-save-you-money-on-a-full-kitchen-reno?utm_source=pinterest&utm_medium=brand&utm_campaign=new&date=20201018&ps=mkt&utm_cover_photo=78020
6896205672272510,,https://i.pinimg.com/originals/bd/a5/ed/bda5ed88b088b0366980c340a2164658.webp,35+ Easy Kitchen Organization Ideas to Declutter Your Home - HubPages,https://discover.hubpages.com/living/DIY-Kitchen-Storage-Ideas
434597432805141500,,https://i.pinimg.com/originals/17/83/2e/17832e3fa07152b303823a4793160819.jpg, ,https://housefulofhandmade.com/wooden-spice-rack-build-plans/
624241198366632885,16 DIY Kitchen Updates on a Budget,https://i.pinimg.com/originals/68/16/74/68167435fa4ef36bdf323f0ffe9bb028.jpg, ,https://www.hometalk.com/44344710/s-16-tricks-that-ll-save-you-money-on-a-full-kitchen-reno?utm_source=pinterest&utm_medium=brand&utm_campaign=new&date=20201018&ps=mkt&utm_cover_photo=78014
133841420170132446,,https://i.pinimg.com/originals/70/52/2c/70522ccac84a5542bf9cf39f09e89e4f.jpg,Wanna hide that unsightly trash can that has the nerve to hang out in your kitchen in broad daylight? Well look no further... #therehablife #woodworkforall #woodfurniture #furnituredesign #furniture #wood #homedecorideas #easydiy #woodworking #wooddesign #trash #garbage #trashcan #storage #storagesolution #storagesolutions #design #hygge #hyggehome #diyfurniture #diy #diyprojects #diyproject #kitchen #kitchensolutions #kitchendesign #kitcheninspiration #kitchenideas #kitchenhacks #kitchencab...,https://www.instagram.com/reel/C6OyPSaOp6M/
437693657550735461,,https://i.pinimg.com/originals/ba/fe/81/bafe8198b0396ffeaf0ad87e7f69e752.jpg, ,https://designingvibes.com/diy-wood-countertops-for-under-50/
AT0_bwxxqoDGJI63prXTQXOIRGs_eMOljomzDd_CfveRjOs7d5me9SE,,https://i.pinimg.com/originals/a4/b3/70/a4b37025b02c928979dd1069c22d7fba.jpg, ,https://designingvibes.com/diy-kitchen-cabinets-for-under-200/
420594052721047089,Smart Corner Kitchen Cabinet Solutions! üóÑÔ∏èüç¥,https://i.pinimg.com/originals/c7/4d/13/c74d1351e5392f0b1236b0ede72d5dcd.png,"Master the art of kitchen organization with our corner cabinet solutions! Designed to optimize those tricky spaces, our blog post is packed with ideas to turn any corner into a storage powerhouse. From pull-out shelves to lazy Susans, discover the best ways to maximize efficiency and minimize wasted space. Say goodbye to unreachable items and hello to a perfectly organized kitchen. #GoTinySpace #CornerKitchenCabinet #KitchenStorage",https://www.gotinyspace.com/15-corner-kitchen-cabinet-ideas-to-maximize-your-space/
96616354500502151,,https://i.pinimg.com/originals/8a/58/8a/8a588a42126bb765da1569af5ff0ad58.jpg, ,https://www.etsy.com/ca/listing/1535797696/can-cupboard-wall-mounted-canned-goods?click_key=d237dc2e6c18387bf84810bcf9448fa6a58c773f:1535797696&click_sum=70504694&ref=related-1
503840277080398452,,https://i.pinimg.com/originals/cb/a0/98/cba098cb7d26e55ef411f4990fe567df.webp,35+ Easy Kitchen Organization Ideas to Declutter Your Home - HubPages,https://discover.hubpages.com/living/DIY-Kitchen-Storage-Ideas
466122630188044953,,https://i.pinimg.com/originals/f4/69/a0/f469a07a20663275aec8998007c1f915.jpg, ,http://www.bhg.com/kitchen/island/how-to-build-a-kitchen-island-from-wood-pallets/?utm_source=pinterest&utm_medium=social&utm_campaign=bhg_870770339_topcontent
758152918548786281,18 Smart Ikea Island DIYS,https://i.pinimg.com/originals/a7/2b/b8/a72bb815825d530495080256f2ff5622.jpg,Discover 18 brilliant ideas to design a budget-friendly and fabulous kitchen island. Turn your kitchen into a stylish and functional space with these innovative tips and hacks. Enjoy creating the ideal kitchen island without breaking the bank!,https://best4crafts.com/ikea-kitchen-island-hacks
133348838960303223,,https://i.pinimg.com/originals/dc/5b/52/dc5b5295344dad838e5d856e9c1ec542.jpg, ,https://www.instagram.com/reel/C2n9LK_B5ZY/?igsh=cWJ0eXhyOWlqZ2k%3D
372461831698118043,,https://i.pinimg.com/originals/db/95/d7/db95d7e2ed3e1498c95c13a7604107bb.jpg,"3.4M views ¬∑ 61K reactions | Diy drawers in the cabinet, convenient for storing small items. #mrdiy #DIY #tips #hacks #kitchen #hometips | DIY MAN | DIY MAN ¬∑ Original audio",https://www.facebook.com/share/r/Ky1uTBJZadLfU2wx/?mibextid=UalRPS
537828380515267955,,https://i.pinimg.com/originals/5c/ce/c8/5ccec8c9098716ae3b312dca1906129e.jpg, ,https://www.instagram.com/reel/C6a-soAr0WF/?igsh=cGdnNGIydzQ4YnBq
798826052686151082,Revamp Your Kitchen: Budget-Friendly Ideas for a Fresh Look,https://i.pinimg.com/originals/52/c5/1b/52c51b057de6e6617fa59a6ab0721ab4.png,Revamp your kitchen with our budget-friendly ideas for a fresh new look! Discover easy and affordable tips for transforming your space without breaking the bank. Click to read the full article and start your kitchen makeover today.,https://www.nospacelikehome.uk/blog/how-to-transform-a-kitchen-on-a-budget
78250112266167645,9 Inexpensive Ideas to Organize Kitchen DIYs,https://i.pinimg.com/originals/3c/d5/cc/3cd5ccf834f254c876c86fefd3700049.jpg,Budget friendly kitchen decor diys to help you with kitchen storage and organization. Easy diy ideas for kitchen decoration on a budget.,https://www.hometalk.com/44374176/s-13-inexpensive-ways-to-make-your-kitchen-prettier-and-more-organized?utm_source=pinterest&utm_medium=syndication&utm_campaign=moob&date=20210201&ps=lib&utm_syndication_post=295341&utm_cover_photo=81124
129971139237798310,,https://i.pinimg.com/originals/59/84/b9/5984b92f1f5bf30b243f251b19ca97bf.jpg, ,https://upcyclemystuff.com/diy-kitchen-makeover-upcycle-ideas-21-ideas-to-try/
386887424251967054,,https://i.pinimg.com/originals/f0/6f/0d/f06f0d4e9fc66bd828433f4c57b46155.jpg, ,https://www.ana-white.com/woodworking-projects/wall-kitchen-corner-cabinet
305189312268497353,17 Practical Ikea Kitchen Hacks You Really Need To See,https://i.pinimg.com/originals/c7/42/b1/c742b16e5b37986c6440df302ff8c472.jpg,"Discover amazing IKEA kitchen hacks to transform your cooking space! ‚ú® From clever storage solutions to DIY island creations, these ideas will maximize efficiency and style in your kitchen. Perfect for budget-friendly makeovers! Explore these creative hacks and give your kitchen a personalized touch. #ikea #ikeakitchenhacks",https://jamesandcatrin.com/2024/01/11/ikea-kitchen-hacks/
492649953119570,115 Creative Wall D√©cor Ideas To Jazz Up Your Home Space,https://i.pinimg.com/originals/ef/a5/ff/efa5ffec4c99feedb05a804a56db633a.jpg, ,https://www.pinterest.com/pin/1088886016219789310/
285134220151467742,,https://i.pinimg.com/originals/f8/42/e5/f842e580770949b5228c3373fb5a3994.jpg,Looking for a cute way to store your kitchen knives on the countertop? This bugdet friendly and simple idea will have your kitchen knives stored glamourously in no time! #diy #knives #storae #knifestorage #diystorage #diyhomedecor #diy,https://www.hometalk.com/29553937/a-stylish-and-unique-way-to-display-your-kitchen-knives?utm_campaign=new&utm_cover_photo=58821&ps=mkt&utm_source=pinterest&utm_medium=brand&date=20190904
603763893809858200,,https://i.pinimg.com/originals/af/c2/32/afc2322a6565ecd5d26b024950cd923a.jpg, ,https://housefulofhandmade.com/?s=Spice+rack
329185054024688158,,https://i.pinimg.com/originals/0c/5c/32/0c5c32cb78d3767de6be2c3d5f860190.jpg,It's A Grandville Life : How to Paint Kitchen Cabinets,http://www.itsagrandvillelife.com/2016/11/how-to-paint-kitchen-cabinets.html#more
445363850648641310,,https://i.pinimg.com/originals/94/b4/e3/94b4e31fe06fa0b717d3685ed5ad8905.jpg,my new favorite way to paint kitchen cabinets,https://www.hometalk.com/28662086/my-new-favorite-way-to-paint-kitchen-cabinets?&utm_source=pinterest&utm_campaign=lana&utm_medium=brand&date=20180422
371124825556676139,,https://i.pinimg.com/originals/04/aa/83/04aa83446f3a46c840bb6a3da3070665.jpg,23 Kitchen Corner Cabinet Ideas for 2019,https://decoratedlife.com/kitchen-corner-cabinet-ideas/
1065171749366645554,Budget Friendly Kitchen Updates To Do in a Weekend,https://i.pinimg.com/originals/de/1b/1b/de1b1ba3cfdb245ec30c8cf52ac48cfc.jpg,Great ideas for quick updates to transform the look of your kitchen. Budget friendly makeovers to do in a weekend.,https://singlegirlsdiy.com/thrifty-kitchen-updates/
60094976272792681,,https://i.pinimg.com/originals/46/93/a2/4693a2083527bcd15efc6096de27ff23.jpg, ,https://www.instagram.com/reel/C6TxhfjgkOO/?igsh=bTg4OWNkaGN4NWkw
6333255720392126,,https://i.pinimg.com/originals/3a/37/a5/3a37a58dea989c1556425bdcf75315b9.jpg, ,
211174975594858,,https://i.pinimg.com/originals/94/e2/2a/94e22a02cda3798ade4881bfad7e978f.jpg, ,https://i1.wp.com/godiygo.com/wp-content/uploads/2018/10/smart-diy-kitchen-storage-ideas-to-keep-everything-in-order-23.jpg?ssl=1
841891724093651786,How to Budget & Plan for a DIY Kitchen,https://i.pinimg.com/originals/21/d8/02/21d802c054b7b9876fcddfdf807e2256.jpg,Budget and Planning for a DIY Kitchen. How to DIY your own kitchen. What to hire out and what to DIY. #diykitchen #kitchen #kitchenrenovation,https://honeybuilthome.com/how-to-budget-plan-for-a-diy-kitchen/
182677328630616625,,https://i.pinimg.com/originals/7a/f2/d7/7af2d74ca8d258f82ccb3d94fa4eb6de.jpg,DIY Kitchen Cabinets for Under $200 - A Beginner's Tutorial,https://designingvibes.com/diy-kitchen-cabinets-for-under-200/?fbclid=IwAR3Irmn0QHD89P4uStt-fHU6yZC4CjmKm7R6FRBB_9oQWXrhWOMEPj3rqKk
1022880134108199237,10 Clever DIY Kitchen Storage Hacks You've Never Thought Of,https://i.pinimg.com/originals/8d/c2/1c/8dc21cb48d8555e2b5c9caba59244880.png,"Transform your kitchen with these clever DIY kitchen hacks! Discover budget-friendly ideas to maximize space, enhance functionality, and add a stylish touch to your kitchen. 

From organizing cabinets and creating extra storage to quick and easy decor upgrades, these hacks are perfect for renters and homeowners alike. 

Click to see more and follow us for more DIY inspiration and home improvement tips! ‚ú®üè° 

#DIYKitchenHacks #BudgetFriendly #RenterFriendly #KitchenOrganization",https://heyhowtodoit.com/diy-kitchen-hacks/
93379392266632176,DIY CORNER VEGETABLE STORAGE BIN *CLICK HERE FOR THE PLANS*,https://i.pinimg.com/originals/34/79/d1/3479d1c11eadbe3edb2d2f5cf1f3364b.jpg,Easy DIY corner storage bin for potatoes and onions and fruit. Great added Kitchen storage. Easy project can be made using scrap wood. Get the plans to make your own! #anikasdiylife,https://www.anikasdiylife.com/diy-corner-vegetable-storage-bin/
969540626024043855,35 Pastel Kitchens for the Modern Romantic,https://i.pinimg.com/originals/7e/62/a4/7e62a4d1517cdef8479b25b7e2c70118.jpg,"Explore a collection of pastel kitchen ideas and designs! Find inspiration in our pins for creating a modern or farmhouse look, a coastal breeze or a romantic retreat in your home. From open layouts to using a versatile pastel-color palette, we cover everything to make your kitchen dreamy and inviting.",https://theolivebranchnest.com/pastel-kitchens/
110619734587258659,,https://i.pinimg.com/originals/dc/0b/9b/dc0b9b9d8d0779b1856ea2771fd4c7ed.jpg,"Great Kitchen Storage, Organization and Space Saving Ideas, Modern Kitchen Design",https://www.lushome.com/great-kitchen-storage-organization-space-saving-ideas-modern-kitchen-design/165844
555561304047770205,,https://i.pinimg.com/originals/6b/e3/e0/6be3e0975820c453a4bcb75a71c5290d.jpg,–Ø–∫ –≤–∞—Ä—ñ–∞–Ω—Ç –Ω–∞ –∫—É—Ç –≤–µ—Ä—Ö–Ω—ñ—Ö —Ç—É–º–±–æ—á–æ–∫,http://victoriaelizabethbarnes.com/kitchen-corner-cabinet-storage/
535858055667683993,"How to Build a DIY Wall Mounted Fruit & Veggies Holder! | Einrichtungsideen, Selbstgemachte innenein",https://i.pinimg.com/originals/b4/b2/f1/b4b2f106adda514b4552d0c94a93acc1.jpg,"24.07.2019 - This DIY Wall Mounted Fruit and Veggie Holder made from pallet wood is a practical way to keep fruits and vegetables in an easy to access spot. While neither my daughter (who blogs with me at Across the Blvd) nor I can lay claim to being useful with power tools, that‚Äôs not the case for Georges. They recently bought a n‚Ä¶",https://www.hometalk.com/41453894/diy-wall-mounted-fruit-veggies-holder?expand_all_questions=1
403846291600762196,,https://i.pinimg.com/originals/d7/c9/08/d7c908287897d3846249b1f32e146e25.png, ,https://www.momooze.com/kitchen-cabinets-organization-ideas/amp/
26599454041348703,,https://i.pinimg.com/originals/71/59/84/715984ed247d9aa4a3cdd0894f3f9a84.jpg, ,https://www.hometalk.com/38173249/outdated-to-outstanding-golden-oak-cabinets?utm_source=pinterest&utm_medium=brand&utm_campaign=new&date=20210723&ps=mkt&utm_cover_photo=84890
440789882285735743,,https://i.pinimg.com/originals/0f/a2/68/0fa2682832613bf21960896a2ec0edf5.png,DIY Kitchen Cabinets Complete Kitchen Remodel - Home Decorating Trends - Homedit,https://www.homedit.com/diy-kitchen-cabinet/diy-kitchen-cabinets-complete-kitchen-remodel/
993325261551101173,Kitchen Magic: Transform Your Space with This Easy DIY Island!,https://i.pinimg.com/originals/9f/a8/0d/9fa80d84a0407f9095179e721d763a3d.jpg,Kitchen Magic: Transform Your Space with This Easy DIY Island! credit:@Wood Craft Wonders | DIY Wood Projects,https://lnk.bio/lionagrow?diy28
197102921184181207,,https://i.pinimg.com/originals/29/db/dc/29dbdc8d61c73ccb0666447dad300c6d.png, ,https://www.apartmenttherapy.com/unusual-kitchen-cabinet-designs-that-you-may-just-fall-in-love-with-228710?crlt.pid=camp.zDX6rFRZ4Cmr
474918723222252606,,https://i.pinimg.com/originals/60/ae/73/60ae73b03204c366b48b8536ba8b4a99.jpg, ,http://www.apartmenttherapy.com/unusual-kitchen-cabinet-designs-that-you-may-just-fall-in-love-with-228710?crlt.pid=camp.zDX6rFRZ4Cmr?home=9991279333
25332816644521350,,https://i.pinimg.com/originals/f9/8d/37/f98d3750f01a846d1b32f31be1b64060.jpg,43+ Kitchen Pantry Storage ( CLEVER IDEAS ) Small Large Pantry Design,https://backsplash.com/kitchen-pantry-storage/
300896818869502080,,https://i.pinimg.com/originals/c3/5b/5a/c35b5a292a4fd4796b3bfe97f9ab9920.jpg,"Sharing the 9 biggest trends you will love for your kitchen remodel / refresh and where the 2022 kitchen trends are heading! Wood cabinetry is back, white kitchens have a twist now, and subway tile took a backseat because backsplash is trending in a whole new direction.",https://chrissymarieblog.com/kitchen-trends-2022
145874475418668598,,https://i.pinimg.com/originals/9b/dc/0e/9bdc0e766755ebb6db896c8202a6df2d.jpg,"step by step guide on how to make open shelving from someone who creates shelf brackets, this easy DIY wood shelf tutorial provides useful tips and sources",https://www.allisajacobs.com/how-to-make-open-shelving-a-diy-wood-shelf-tutorial/
1618549858252621,,https://i.pinimg.com/originals/27/a0/10/27a010426c9c2cd386ac47d954c0c8fe.jpg, ,https://www.hometalk.com/38173249/outdated-to-outstanding-golden-oak-cabinets?utm_source=pinterest&utm_medium=syndication&utm_campaign=hdhd&date=20190524&utm_syndication_post=32340
911064199592599532,,https://i.pinimg.com/originals/03/ed/e0/03ede0227a79cfb61d1e19ba0929ff4e.jpg,There are ways to keep that chalk paint craze to a minimum,https://www.hometalk.com/24819461/s-transform-your-kitchen-cabinets-without-paint-11-ideas-?utm_source=pinterest&utm_medium=soc_btn&utm_campaign=shared_cntnt
571886852696289802,20 Creative IKEA Kitchen Island Ideas - Craftsy Hacks,https://i.pinimg.com/originals/75/4d/ba/754dbae789b2f646a60c9bc4838ebca0.jpg,Get a designer kitchen on a budget with these IKEA hacks. These IKEA kitchen island ideas are easy to DIY and will help organise and transform your kitchen.,https://craftsyhacks.com/ikea-kitchen-island/
705446729143308494,,https://i.pinimg.com/originals/30/2b/62/302b620b00b763b2c7d7e76b048341a4.jpg,"–§–æ—Ç–æ–≥—Ä–∞—Ñ–∏—è: –ì–æ—Å—Ç–∏–Ω–∞—è –≤ —Å—Ç–∏–ª–µ –°–∫–∞–Ω–¥–∏–Ω–∞–≤—Å–∫–∏–π, –ö—É—Ö–Ω—è –∏ —Å—Ç–æ–ª–æ–≤–∞—è, –°–æ–≤–µ—Ç—ã ‚Äì —Ñ–æ—Ç–æ –Ω–∞ InMyRoom.ru",https://www.inmyroom.ru/posts/7971-kak-organizovat-hranenie-na-kuhne-11-sposobov-i-idey
652599802275866432,21 Ways to Save on a Kitchen Remodel That Contractors Don‚Äôt Want You to Know,https://i.pinimg.com/originals/ea/1c/b4/ea1cb44acaacbdf657f5e59d0d456faa.jpg,#kitchenreno #kitchentips #kitchenideas #kitchen,https://sites.google.com/view/12cheap-kitchenmakeover
36239971990913050,,https://i.pinimg.com/originals/ed/b4/42/edb4423a6ff20b9593a4aad32f6f566b.jpg, ,https://learn.kregtool.com/plans/wall-mounted-spice-rack/?_ga=2.19225713.899139067.1631379054-180417965.1631134806
3025924737890865,,https://i.pinimg.com/originals/e0/a3/ff/e0a3ff5174e819874c6a66ad8a7e2660.jpg,pic credit:  @ellaamayyy,https://fifimcgee.co.uk/blog/11-beautiful-galley-kitchen-design-ideas
24910604184267299,Discover the BEST Two-toned kitchen cabinet color ideas!,https://i.pinimg.com/originals/70/53/68/705368aac4d5667fcff0147272e891a7.jpg,Looking to refresh your kitchen's aesthetic? Discover how two-toned cabinets can enhance a modern farmhouse design. This pin offers a variety of color ideas to inspire your next home project including this one with blue lower cabinets and white upper cabinets.,https://restoredecorandmore.com/two-toned-kitchen-cabinets/
529947081159460082,,https://i.pinimg.com/originals/c9/4c/0c/c94c0c762b3ad5d2ec9a67bcbfc5a7c2.jpg,Learn how to make DIY drawer dividers for your silverware and utensils. This is the perfect kitchen organization idea to get your drawers organized. It only takes a few board a handsaw and a drill to build this DIY drawer organizer. Watch the full video and get FREE plans!,https://fixthisbuildthat.com/diy-drawer-organizer-3-easy-diy-kitchen-organization-projects/
353462270772562241,,https://i.pinimg.com/originals/47/7b/f5/477bf596bf866e5f517d57b9ee284e48.webp,The DIY Faux Butcher Block Countertop: The Tutorial,https://www.thechampagneandsawdust.com/post/the-diy-faux-butcher-block-countertop-tutorial
961026007977062439,9 Ideas for DIY Kitchen Remodel That'll Wow You,https://i.pinimg.com/originals/43/31/93/4331931e757fa1b981c2858e87ff00d5.jpg, ,https://thedevoteddomestic.com/diy-renter-friendly-kitchen-makeover/
342625484149738962,,https://i.pinimg.com/originals/ae/03/ef/ae03efaa9446c602ce7f379cbc730e20.jpg,Ikea kitchens -- cheap & cheerful midcentury modern design - Retro Renovation,http://retrorenovation.com/2012/01/31/ikea-kitchens-cheap-and-cheerful-mid-century-modern-design/
240590805097686958,House to Organize a Small Kitchen - 15 Kitchen Organization Ideas!,https://i.pinimg.com/originals/98/3b/a7/983ba79330eadbcfd1556eb02778278c.png, ,https://www.mytidycorner.com/small-kitchen-organization-ideas/
388646642857650763,,https://i.pinimg.com/originals/58/e4/7f/58e47f2033f400f3b8daace9ebfa6047.jpg, ,http://victoriaelizabethbarnes.com/kitchen-corner-cabinet-storage/
17873729763894700,How to Build Cabinets,https://i.pinimg.com/originals/3b/16/e4/3b16e49abac0f64f2a45763a439d7812.jpg, ,https://www.woodshopdiaries.com/how-to-build-your-own-diy-kitchen-cabinets-2/
670403094523731462,,https://i.pinimg.com/originals/ea/67/35/ea6735262776d99b2b0d98ef12313704.jpg, ,http://bodyartstyle.com/20-small-kitchen-ideas-ideas-to-open-your-compact-room-2019/11
840554717967713195,,https://i.pinimg.com/originals/b5/41/1d/b5411de7efb83efa4ddafb2ad9431ef0.jpg, ,https://www.familyhandyman.com/kitchen/kitchen-storage/how-to-build-kitchen-sink-storage-trays/?_mid=2823048&_rid=2823048.1176029.17059&pmcode=IDTZP015
314055774026671656,,https://i.pinimg.com/originals/ef/72/cb/ef72cb0ba750b9642c6474b2ef4ae964.jpg, ,https://www.addicted2decorating.com/kitchen-organization-diy-tiered-spice-drawer-insert.html
66850375711803181,,https://i.pinimg.com/originals/09/2a/53/092a533fc5f3aa750e8ad01775c009b3.jpg, ,http://extremehowto.com/cabinet-building-basics-for-diyers/?utm_medium=social&utm_source=pinterest&utm_campaign=tailwind_tribes&utm_content=tribes&utm_term=891245946_38603914_687146
1116048351401629105,Maximalist Decor: A Guide to Colorful Homes,https://i.pinimg.com/originals/c1/5e/90/c15e9063cec4cebd41ac5d732c874ab7.png,"Create a colorful and lively home with our maximalist decor guide! Learn how to use bold colors, mix patterns, and incorporate unique textures to transform your living space. Discover tips for balancing boldness with harmony and making your home a true reflection of your dynamic personality. Perfect for those who love vibrant and eclectic decor and want to make a statement with their home design.",https://www.pinterest.com/pin/1116048351401007957/
915708536733253944,,https://i.pinimg.com/originals/b8/8c/1a/b88c1a19e3eaa1bd8363d1d808a116a0.jpg, ,
AeLT_I2xcc_yIknYnXFA8BSts3q0Q_Zhv1eTOZoxw7WbpYsW1yu2ebSDAKPOPZ5ey1_zBOFNN-xYQ4btuyKcK_E,"Magic Corner II, for Blind Corner Cabinets - in the H√§fele America Shop",https://i.pinimg.com/originals/15/1a/27/151a27cb4c9f1418e714148440b2dc62.jpg, ,https://www.hafele.com/us/en/product/magic-corner-ii-for-blind-corner-cabinets/P-00856486/?pp=1
433330795412962716,,https://i.pinimg.com/originals/35/ae/59/35ae59429a99dd53e67fa3158d974093.png, ,https://nestingwithgrace.com/27-inspiring-kitchen-makeovers-before-and-after/
55169164187794988,,https://i.pinimg.com/originals/27/b8/12/27b812494a93947f0ec4680941d39fb2.jpg, ,https://www.apartmenttherapy.com/real-life-remodel-all-the-ways-hidden-cabinet-hacks-dramatically-increased-my-kitchen-storage-234828?utm_source=pinterest&utm_medium=social&utm_campaign=managed&crlt.pid=camp.71WC1OiIF5zd
522980575491355457,,https://i.pinimg.com/originals/c9/23/9a/c9239ace79b8420dfd27671995451214.png,Save money by skipping the expensive kitchen renovation by using this step by step tutorial on how to paint kitchen cabinets for a smooth finish. This is a budget-friendly way to makeover your kitchen #kitchen #cabinets #painting# budget #DIY,https://westmagnoliacharm.com/how-to-paint-kitchen-cabinets-smooth-finish/painting/
192317846581714898,,https://i.pinimg.com/originals/06/c6/d9/06c6d91ff99bc1eb2df493c093b13cd5.webp, ,https://designingvibes.com/diy-kitchen-cabinets-for-under-200/
690950767866384825,,https://i.pinimg.com/originals/fb/52/c6/fb52c618ac7444d796c69192564f7ea5.jpg, ,
15833036183309722,,https://i.pinimg.com/originals/68/42/f7/6842f7f84467527b7b5205b99d975c9f.jpg, ,
337066353376258366,cute kitchen storage idea- keep you kitchen tidy & clutter free with an upcycled cabinet,https://i.pinimg.com/originals/14/a5/47/14a547f91d71778be3f72577215f4938.jpg,"If your kitchen is in need of additional storage, but you have limited funds (and space), this easy DIY kitchen pantry tutorial might just be the inspiration you need to get started on your own upcycling project !",https://grillo-designs.com/diy-kitchen-pantry-makeover/
761671355756588640,Genius Kitchen Cutting Board Storage: You Won't Believe Our 21 Storage & Organization Ideas!,https://i.pinimg.com/originals/29/4f/74/294f7442609d480006ceee2eb6c424b1.jpg, ,https://www.thebrainandthebrawn.com/kitchen-organization-hacks-and-storage-ideas-list/
780178335461104213,,https://i.pinimg.com/originals/b0/05/00/b00500d421fbed0e3f5ca1b107045eaf.png, ,https://angelamariemade.com/how-to-enclose-the-space-above-kitchen-cabinets/
15903404928455812,Meal Prep Tools | Kitchen Essentials,https://i.pinimg.com/originals/37/b1/0e/37b10e0c3b72ee5ceb21a211febf7c67.jpg, ,https://www.shopltk.com/explore/julianna_claire/posts/137c262b-bf79-11ee-8364-0242ac110002
64668944639730721,,https://i.pinimg.com/originals/20/f2/55/20f255ed7cf5ac93d159882ab0fffed2.png, ,https://www.dorisleslieblau.com/6-kitchen-trend-ideas-youll-want-to-try-in-2020/
67976275616837388,How to Make the Most of Your Small Kitchen,https://i.pinimg.com/originals/c8/54/35/c854354b97a43f9487e11ed44749973d.jpg, ,https://www.architecturaldigest.com/story/small-kitchen-design-ideas
28147566416550596,,https://i.pinimg.com/originals/ad/5b/70/ad5b7078580beda19ab86443a5a30e8f.jpg, ,https://www.hometalk.com/diy/organize/kitchen/diy-rotating-cooking-utensil-storage-rack-13774385?utm_source=pinterest&utm_medium=syndication&utm_campaign=sdn&date=20220303&ps=lib&utm_cover_photo=59123
7670261855502545,30 Cheap Kitchen Cabinet Add-Ons You Can DIY,https://i.pinimg.com/originals/50/f6/91/50f6913c05da040773272c72fb227f85.jpg, ,https://www.familyhandyman.com/list/30-cheap-kitchen-cabinet-add-ons-you-can-diy/?trkid=soc-fhm-longpin
569775790366105207,Before and After Kitchen Makeover Idea DIY on a Budget,https://i.pinimg.com/originals/11/11/7a/11117a7ad99f7012ea49e86bdd585305.jpg,Hate your outdated old kitchen cabinets and backsplash? check out these budget friendly ideas to make over your kitchen from outdate to farmhouse chic. With painted cabinets and easy backsplash install idea you too can update your kitchen on a small budget. #diy #kitchen #makeover,https://www.hometalk.com/diy/kitchen-dining/kitchen-dining-furniture/how-to-renovate-your-kitchen-for-under-600-20279472?utm_source=pinterest&utm_medium=syndication&utm_campaign=dmom&date=20220118&ps=datapin&utm_cover_photo=79955
00039c88e67170cers0,"{'text': None, 'format': 'Related searches', 'args_reformatted': [], 'args': []}",,,
980799625090524518,,https://i.pinimg.com/originals/80/9a/94/809a9469f2fc5a9066317c31432941a8.jpg, ,https://homehacks.co/50-ideas-organize-small-kitchen/?utm_source=BDM19&utm_medium=pinterest&utm_campaign=BDM19
AXCW2kTCa87CZR9M9-yOgdksVEzVwkDncWtZXwV-eL4UV9qfbvwcl9WeTdmgiUGUNlAZRjlD02AtamqE1HSreDs,Beautiful and Affordable Concrete Countertops,https://i.pinimg.com/originals/09/32/24/093224ce7ff474ece19a69aa77abb38c.jpg,Learn how to DIY your own concrete countertops using the Z Counterform System.,https://concretecountertopsolutions.com/?pp=1
